{
  "conversation_history": [
    {
      "timestamp": "2025-11-03T17:39:04.739527",
      "user_message": "user",
      "bot_response": "Hello",
      "intent": "greeting",
      "entities": {},
      "session_id": "20251103_17"
    },
    {
      "timestamp": "2025-11-03T17:39:04.741102",
      "user_message": "assistant",
      "bot_response": "Hi! How can I help you?",
      "intent": "greeting",
      "entities": {},
      "session_id": "20251103_17"
    },
    {
      "timestamp": "2025-11-03T17:39:04.742338",
      "user_message": "user",
      "bot_response": "Show stock levels",
      "intent": "stock_query",
      "entities": {},
      "session_id": "20251103_17"
    },
    {
      "timestamp": "2025-11-03T17:47:47.060676",
      "user_message": "user",
      "bot_response": "Hello",
      "intent": "greeting",
      "entities": {},
      "session_id": "20251103_17"
    },
    {
      "timestamp": "2025-11-03T17:47:47.062308",
      "user_message": "assistant",
      "bot_response": "Hi! How can I help you?",
      "intent": "greeting",
      "entities": {},
      "session_id": "20251103_17"
    },
    {
      "timestamp": "2025-11-03T17:47:47.063758",
      "user_message": "user",
      "bot_response": "Show stock levels",
      "intent": "stock_query",
      "entities": {},
      "session_id": "20251103_17"
    },
    {
      "timestamp": "2025-11-03T17:52:48.271665",
      "user_message": "user",
      "bot_response": "Hello",
      "intent": "greeting",
      "entities": {},
      "session_id": "20251103_17"
    },
    {
      "timestamp": "2025-11-03T17:52:48.273501",
      "user_message": "assistant",
      "bot_response": "Hi! How can I help you?",
      "intent": "greeting",
      "entities": {},
      "session_id": "20251103_17"
    },
    {
      "timestamp": "2025-11-03T17:52:48.275251",
      "user_message": "user",
      "bot_response": "Show stock levels",
      "intent": "stock_query",
      "entities": {},
      "session_id": "20251103_17"
    },
    {
      "timestamp": "2025-11-03T17:52:48.353326",
      "user_message": "Hello",
      "bot_response": "I'm specialized in grocery store management. I can help with inventory, sales, suppliers, and business insights.",
      "intent": "general_query",
      "entities": {},
      "session_id": "20251103_17"
    },
    {
      "timestamp": "2025-11-03T17:52:48.357865",
      "user_message": "Help",
      "bot_response": "I'm specialized in grocery store management. I can help with inventory, sales, suppliers, and business insights.",
      "intent": "general_query",
      "entities": {},
      "session_id": "20251103_17"
    },
    {
      "timestamp": "2025-11-03T17:52:48.361766",
      "user_message": "What can you do?",
      "bot_response": "I'm specialized in grocery store management. I can help with inventory, sales, suppliers, and business insights.",
      "intent": "general_query",
      "entities": {},
      "session_id": "20251103_17"
    },
    {
      "timestamp": "2025-11-03T17:52:48.365930",
      "user_message": "What's the weather like?",
      "bot_response": "Sorry, I can only assist with questions related to your grocery store operations.",
      "intent": "general_query",
      "entities": {},
      "session_id": "20251103_17"
    },
    {
      "timestamp": "2025-11-03T18:18:19.613599",
      "user_message": "Sales report for today",
      "bot_response": "📊 No sales data found for today.",
      "intent": "sales_query",
      "entities": {
        "time_period": "today"
      },
      "session_id": "20251103_18"
    },
    {
      "timestamp": "2025-11-03T18:18:32.146881",
      "user_message": "options",
      "bot_response": "I'm specialized in grocery store management. I can help with inventory, sales, suppliers, and business insights.",
      "intent": "general_query",
      "entities": {},
      "session_id": "20251103_18"
    },
    {
      "timestamp": "2025-11-03T18:18:38.342481",
      "user_message": "Business predictions",
      "bot_response": "Sorry, I can only assist with questions related to your grocery store operations.",
      "intent": "prediction",
      "entities": {},
      "session_id": "20251103_18"
    },
    {
      "timestamp": "2025-11-03T18:18:45.183608",
      "user_message": "Show inventory status",
      "bot_response": "❌ Sorry, I encountered an error while checking stock levels. Please try again.",
      "intent": "stock_query",
      "entities": {},
      "session_id": "20251103_18"
    },
    {
      "timestamp": "2025-11-03T18:18:54.634433",
      "user_message": "ok",
      "bot_response": "Sorry, I can only assist with questions related to your grocery store operations.",
      "intent": "general_query",
      "entities": {},
      "session_id": "20251103_18"
    },
    {
      "timestamp": "2025-11-03T18:19:00.211970",
      "user_message": "Task management",
      "bot_response": "Sorry, I can only assist with questions related to your grocery store operations.",
      "intent": "general_query",
      "entities": {},
      "session_id": "20251103_18"
    },
    {
      "timestamp": "2025-11-03T18:49:49.979969",
      "user_message": "Predict next week sales",
      "bot_response": "📈 **Sales Forecast - Next 7 Days:**\n\n• 2025-11-04: $92.95\n• 2025-11-05: $104.44\n• 2025-11-06: $109.51\n• 2025-11-07: $103.74\n• 2025-11-08: $129.00\n• 2025-11-09: $139.94\n• 2025-11-10: $95.58\n\n💡 **Summary:**\n• Total Predicted Sales: $775.16\n• Average Daily Sales: $110.74\n• Confidence Level: 60%\n• Model Used: Fallback",
      "intent": "prediction_query",
      "entities": {},
      "session_id": "20251103_18"
    }
  ],
  "user_preferences": {},
  "last_updated": "2025-11-03T18:49:49.980001"
}